{"id":"sess_A1B2C3D4","track":"Salzburgring","laps":[{"lap":1,"total_ms":96450,"sectors":[40481,30875,25094],"track_points":[[47.7832642,13.1845349,0],[47.7831663,13.1840631,2494],[47.7832228,13.1833901,5321],[47.7831805,13.1824812,8481],[47.7832421,13.1815716,11308],[47.7830489,13.1812979,13303],[47.7831359,13.1808934,16629],[47.7834137,13.1805067,19955],[47.7836112,13.180636,22948],[47.7839006,13.1808786,25277],[47.7838701,13.1813467,27438],[47.7840677,13.1821857,29933],[47.7841795,13.1828779,33259],[47.7841836,13.1839749,36584],[47.7840123,13.1849176,39910],[47.784163,13.1855352,43236],[47.7837953,13.1858657,45731],[47.7837679,13.1859694,48225],[47.7835105,13.1859388,50719],[47.7833273,13.1854196,53214],[47.7830456,13.1852602,55708],[47.7827564,13.1853322,58203],[47.7827888,13.1850934,60697],[47.7825605,13.1848007,63191],[47.7824085,13.1846884,66517],[47.7825327,13.1842337,69843],[47.7827003,13.1836853,73169],[47.7826713,13.1832806,76495],[47.7827911,13.1832216,79821],[47.7829383,13.1833394,83147],[47.7830534,13.1837109,86472],[47.7832473,13.1839683,90630],[47.7831697,13.1845225,93956],[47.7833598,13.1845942,96450]]},{"lap":2,"total_ms":95120,"sectors":[39937,30501,24682],"track_points":[[47.7833308,13.1846261,0],[47.7831743,13.1839368,2460],[47.7832763,13.1833499,5248],[47.7830538,13.1824633,8364],[47.7830273,13.1815682,11152],[47.783049,13.1810909,13120],[47.7831744,13.1806388,16400],[47.7831504,13.1805115,19680],[47.7835471,13.1807399,22632],[47.7837391,13.1808708,24928],[47.7838892,13.1814457,27060],[47.7839379,13.1821911,29520],[47.784058,13.1828564,32800],[47.7841064,13.1838686,36080],[47.7841723,13.1848298,39360],[47.783926,13.1853081,42640],[47.7839481,13.1857219,45100],[47.7838478,13.1859285,47560],[47.7835361,13.1858937,50020],[47.7833709,13.1855182,52480],[47.7831628,13.185467,54940],[47.7830005,13.1850878,57400],[47.7825832,13.18503,59860],[47.7825643,13.1849688,62320],[47.7824874,13.1844898,65600],[47.7824889,13.1842829,68880],[47.7825047,13.1837455,72160],[47.7828667,13.183434,75440],[47.7830227,13.1833364,78720],[47.7829835,13.1831511,82000],[47.7831955,13.1834726,85280],[47.7832132,13.1839874,89380],[47.7832106,13.1843788,92660],[47.7834365,13.1846385,95120]]},{"lap":3,"total_ms":94780,"sectors":[39838,30185,24757],"track_points":[[47.7831541,13.1846074,0],[47.7831849,13.1839873,2451],[47.7833846,13.1833964,5229],[47.7831935,13.1825127,8334],[47.7832441,13.1816326,11112],[47.7829013,13.1813392,13073],[47.7831589,13.1807385,16341],[47.7831843,13.1804179,19610],[47.78365,13.1806653,22551],[47.7837938,13.1809719,24839],[47.7838983,13.1813696,26963],[47.7841515,13.1820902,29414],[47.7840876,13.1831418,32683],[47.7842445,13.1839767,35951],[47.7840133,13.184992,39219],[47.7839012,13.1853681,42488],[47.7839357,13.1858443,44939],[47.783819,13.1860827,47390],[47.7835446,13.1857664,49841],[47.7831601,13.1856475,52292],[47.7831227,13.1853692,54744],[47.7828473,13.185062,57195],[47.7826668,13.1850748,59646],[47.7825433,13.1850159,62097],[47.782529,13.1844341,65366],[47.782502,13.1840287,68634],[47.7825969,13.1838239,71902],[47.7827832,13.1835328,75170],[47.7829324,13.1831043,78439],[47.7830508,13.1832674,81707],[47.7832555,13.1834956,84975],[47.783138,13.1838668,89061],[47.7833228,13.184356,92329],[47.7833499,13.1846142,94780]]},{"lap":4,"total_ms":95890,"sectors":[40395,30754,24741],"track_points":[[47.7834351,13.1846588,0],[47.7832222,13.1841198,2480],[47.7831836,13.1832799,5290],[47.7833038,13.1825336,8432],[47.7831506,13.1815844,11242],[47.7830667,13.1811377,13226],[47.7831901,13.1806618,16533],[47.783403,13.1804599,19839],[47.7836812,13.1807589,22815],[47.7838677,13.1809112,25130],[47.7838116,13.1812599,27279],[47.7840539,13.1822155,29759],[47.7841968,13.1830771,33066],[47.7842218,13.1840681,36372],[47.7842152,13.1848443,39679],[47.7839268,13.1855221,42985],[47.7840219,13.1857332,45465],[47.7837241,13.1860531,47945],[47.7835732,13.1859121,50425],[47.7832455,13.1854784,52905],[47.7831058,13.1853979,55385],[47.7829391,13.1851858,57865],[47.7826444,13.1849865,60345],[47.7826401,13.1849837,62824],[47.7825828,13.1844732,66131],[47.7823608,13.1842978,69438],[47.7826812,13.183675,72744],[47.7827639,13.1833402,76051],[47.782858,13.1831228,79357],[47.7830363,13.1833719,82664],[47.7830526,13.1837438,85970],[47.7833161,13.18411,90104],[47.7833937,13.184318,93410],[47.7833414,13.1847445,95890]]},{"lap":5,"total_ms":95340,"sectors":[40233,30488,24619],"track_points":[[47.7831704,13.1844609,0],[47.7832598,13.1840625,2466],[47.7831766,13.183273,5260],[47.7831867,13.1822598,8383],[47.7831534,13.1816199,11178],[47.7829864,13.1813062,13150],[47.7831199,13.1806344,16438],[47.7834211,13.180547,19726],[47.7834982,13.1807948,22684],[47.7837298,13.1808756,24986],[47.7840574,13.1814867,27123],[47.7839189,13.1821525,29588],[47.7840201,13.1829986,32876],[47.7841537,13.1840441,36163],[47.7840486,13.1849572,39451],[47.7841359,13.1854087,42739],[47.7839787,13.1858153,45204],[47.7836397,13.185991,47670],[47.7835067,13.1859115,50136],[47.7831512,13.185452,52601],[47.7832252,13.1852688,55067],[47.7828428,13.1852759,57533],[47.78256,13.1850023,59998],[47.7826722,13.1848584,62464],[47.7824091,13.1846398,65752],[47.7825477,13.184041,69039],[47.7825868,13.1838926,72327],[47.7826418,13.183416,75614],[47.7829694,13.1832759,78902],[47.7831562,13.1831974,82190],[47.7832513,13.1835019,85477],[47.7831919,13.1838654,89587],[47.7832883,13.1845357,92874],[47.7831525,13.1846394,95340]]}]}