{"id":"sess_E5F6G7H8","name":"BRL_Timing_01.04_14:30","track":"Salzburgring","laps":[{"lap":1,"total_ms":97100,"sectors":[40660,30995,25445],"track_points":[[47.783328,13.1845593,0],[47.783281,13.1838819,2511],[47.7831446,13.1832731,5357],[47.7832112,13.1824339,8538],[47.7831091,13.1815846,11384],[47.7831285,13.181201,13393],[47.7831976,13.1806534,16741],[47.7834132,13.1805356,20090],[47.7834066,13.180539,23103],[47.7838438,13.1809156,25447],[47.7839334,13.1812895,27623],[47.7840301,13.1820768,30134],[47.7841224,13.1831118,33483],[47.784023,13.1840675,36831],[47.7840346,13.1848215,40179],[47.7839304,13.1854288,43528],[47.7839782,13.1857718,46039],[47.7836414,13.1859963,48550],[47.7835224,13.1859292,51061],[47.7833373,13.1856476,53572],[47.7832108,13.1854339,56084],[47.7827589,13.1850695,58595],[47.7826865,13.1850265,61106],[47.7825929,13.1849753,63617],[47.7825037,13.1845879,66966],[47.7826115,13.1840394,70314],[47.7824731,13.1838575,73662],[47.7828078,13.183312,77010],[47.7829234,13.183387,80359],[47.7829859,13.1832395,83707],[47.7830471,13.1837195,87055],[47.7831573,13.1841285,91241],[47.7831686,13.1844238,94589],[47.7834303,13.1847386,97100]]},{"lap":2,"total_ms":95600,"sectors":[40140,30648,24812],"track_points":[[47.7832676,13.1845817,0],[47.7832282,13.1840852,2472],[47.7833552,13.1832896,5274],[47.7832898,13.182297,8406],[47.7829717,13.1817079,11208],[47.7829227,13.1811318,13186],[47.7830607,13.1807078,16483],[47.7831568,13.1806963,19779],[47.783511,13.1805472,22746],[47.7837549,13.1808582,25054],[47.7838766,13.1814771,27197],[47.7840503,13.1822305,29669],[47.7842128,13.1830957,32966],[47.7840197,13.1841334,36262],[47.784271,13.184885,39559],[47.784,13.1853005,42855],[47.7840071,13.1858991,45328],[47.783677,13.1860412,47800],[47.7835437,13.1858695,50272],[47.7832626,13.1855848,52745],[47.7832439,13.1854845,55217],[47.7828301,13.1851428,57690],[47.7826361,13.1850589,60162],[47.7826088,13.1847614,62634],[47.7825683,13.1846109,65931],[47.7825076,13.1842834,69228],[47.7824672,13.1837411,72524],[47.7826457,13.1833972,75821],[47.7830016,13.1832036,79117],[47.7832214,13.1832019,82414],[47.7832735,13.1836475,85710],[47.7831545,13.1839983,89831],[47.7833968,13.1845202,93128],[47.7833933,13.1845787,95600]]},{"lap":3,"total_ms":94200,"sectors":[39478,30011,24711],"track_points":[[47.7834396,13.1845084,0],[47.7833463,13.1838546,2436],[47.7833808,13.1834062,5197],[47.7831799,13.1825247,8283],[47.7830557,13.1816594,11044],[47.783145,13.1812073,12993],[47.7830959,13.1808944,16241],[47.7831709,13.1804352,19490],[47.7836868,13.1807441,22413],[47.7836716,13.180867,24687],[47.7840311,13.1815308,26798],[47.7839528,13.1820066,29234],[47.7840085,13.1828552,32483],[47.7842913,13.1838723,35731],[47.7842059,13.1850264,38979],[47.7839536,13.1855155,42228],[47.7839658,13.185738,44664],[47.7835735,13.18587,47100],[47.7836135,13.1856574,49536],[47.7832526,13.1855823,51972],[47.783003,13.1854716,54409],[47.7828996,13.1852821,56845],[47.7827543,13.1851582,59281],[47.7826912,13.1850376,61717],[47.7824765,13.1846564,64966],[47.7823457,13.1841262,68214],[47.7825081,13.1837137,71462],[47.7826811,13.183287,74710],[47.7828729,13.183228,77959],[47.7830531,13.1833773,81207],[47.7832746,13.1835684,84455],[47.7832477,13.1841062,88516],[47.7833408,13.1844763,91764],[47.7833724,13.1846068,94200]]},{"lap":4,"total_ms":93850,"sectors":[39597,30124,24129],"track_points":[[47.7831853,13.1846962,0],[47.7831338,13.1838929,2427],[47.7831259,13.1832884,5178],[47.7832802,13.1824984,8252],[47.7832093,13.1817524,11003],[47.7831999,13.1813108,12945],[47.7831166,13.1806659,16181],[47.7831679,13.1805852,19417],[47.7835261,13.1806556,22330],[47.7839061,13.1811407,24595],[47.7839295,13.1814698,26699],[47.7840868,13.1819629,29126],[47.7841439,13.183079,32362],[47.7840837,13.1841071,35598],[47.7841398,13.185004,38834],[47.7840665,13.1853172,42071],[47.783907,13.185753,44498],[47.7838163,13.1858456,46925],[47.7835717,13.1857898,49352],[47.7834409,13.1855057,51779],[47.7832189,13.1854112,54206],[47.7830089,13.1852321,56634],[47.7828313,13.1852167,59061],[47.7825377,13.1849301,61488],[47.7824525,13.1844795,64724],[47.7823573,13.1841852,67960],[47.7827021,13.1836277,71197],[47.7827298,13.1832874,74433],[47.7828509,13.1831693,77669],[47.7831773,13.1832085,80905],[47.7832147,13.1835997,84141],[47.7832039,13.1839291,88187],[47.7833168,13.1844406,91423],[47.7832877,13.1846138,93850]]},{"lap":5,"total_ms":94550,"sectors":[39816,30119,24615],"track_points":[[47.7834005,13.1845889,0],[47.7832701,13.1841391,2445],[47.7831356,13.1831615,5217],[47.7831398,13.1825227,8314],[47.7830088,13.1817273,11085],[47.7829137,13.1813417,13041],[47.7832457,13.1807657,16302],[47.783245,13.1804447,19562],[47.7835967,13.1807037,22496],[47.7836378,13.1808582,24779],[47.7840832,13.1812724,26898],[47.7839149,13.1820413,29343],[47.784091,13.1829474,32603],[47.7841701,13.1839272,35864],[47.7842219,13.1848,39124],[47.7840619,13.1855999,42384],[47.7837967,13.1858784,44830],[47.7835617,13.1858478,47275],[47.7836056,13.185826,49720],[47.7832034,13.1856119,52166],[47.7831859,13.1854499,54611],[47.7828649,13.185127,57056],[47.7827923,13.1850217,59501],[47.7825863,13.1849853,61947],[47.782505,13.1844239,65207],[47.7825112,13.1841207,68467],[47.7824972,13.1837799,71728],[47.7826822,13.1835514,74988],[47.7829984,13.1832381,78248],[47.7829616,13.18315,81509],[47.7831023,13.1834988,84769],[47.7832859,13.184068,88844],[47.7833901,13.1845014,92105],[47.7832858,13.1847117,94550]]}]}